variant,seed,ndcg@5,ndcg@10,ndcg@20,recall@5,recall@10,recall@20,hr@5,hr@10,hr@20,n_users,cold_ndcg@10,cold_recall@10,cold_hr@10,cold_n_users,rmse,mae
mse_mf,42,0.1884489065341182,0.17295068510110015,0.1618132945456489,0.028853215142251705,0.05122686982723603,0.08454151831967874,0.4612286002014099,0.581067472306143,0.6938569989929506,993.0,0.025946288322830954,0.04481132075471698,0.0660377358490566,106.0,0.8992978930473328,0.7058190703392029
mse_mf,123,0.19971612773867867,0.18255963975211134,0.1688797866209631,0.03296710180593631,0.052953363331409146,0.08367900977312466,0.4823766364551863,0.594159113796576,0.6968781470292045,993.0,0.020642628540651617,0.04009433962264151,0.0660377358490566,106.0,0.9004677534103394,0.7075693607330322
mse_mf,2024,0.1988190121466991,0.18300609622668185,0.17171131190580868,0.03220867909300472,0.0529271517683141,0.08848627811397924,0.473313192346425,0.594159113796576,0.701913393756294,993.0,0.020893344330959702,0.04481132075471698,0.0660377358490566,106.0,0.9028502106666565,0.7084702849388123
bpr_mf,42,0.24428700006262247,0.23037249581584646,0.22005377963223918,0.03872868952471003,0.06753549837856491,0.11059294280426855,0.5508559919436052,0.6606243705941591,0.7542799597180262,993.0,0.027838333909934232,0.05011792452830189,0.08490566037735849,106.0,,
bpr_mf,123,0.24611626751349122,0.23322995379733344,0.21930656007816735,0.04033532253760524,0.06730681033089429,0.10900846566327625,0.5609264853977844,0.6696878147029205,0.7542799597180262,993.0,0.026133579536831646,0.0422562893081761,0.07547169811320754,106.0,,
bpr_mf,2024,0.2440631286317725,0.2337284132783939,0.2226978809425943,0.03932621356512438,0.06894392756302908,0.11466822462988374,0.5498489425981873,0.6777442094662638,0.7673716012084593,993.0,0.03560826896698669,0.0752751572327044,0.11320754716981132,106.0,,
llm_only,42,0.17570351499978634,0.16691824995121884,0.16571689497981115,0.02817711355340688,0.049350659873414034,0.08958270317816294,0.45417925478348437,0.5850956696878147,0.7089627391742196,993.0,0.030876804017482145,0.05286949685534591,0.09433962264150944,106.0,,
llm_only,123,0.18981869035101728,0.18203194452507504,0.1754770622649841,0.03214240933937221,0.05367558461919469,0.09742268859845556,0.49345417925478346,0.6203423967774421,0.7190332326283988,993.0,0.027738219266049927,0.05837264150943396,0.07547169811320754,106.0,,
llm_only,2024,0.18594696734828875,0.1731582574653601,0.16775749889478156,0.03060559248698715,0.05050205101717748,0.09036404656369215,0.47633434038267874,0.5991943605236657,0.702920443101712,993.0,0.03906227923755833,0.08136792452830188,0.10377358490566038,106.0,,
llm_init,42,0.23564164551656186,0.22237806974967564,0.21025007374817392,0.038220737567705464,0.06240846084371684,0.10247767690653362,0.5417925478348439,0.648539778449144,0.7391742195367573,993.0,0.03163889852457842,0.06112421383647798,0.10377358490566038,106.0,,
llm_init,123,0.24675826854040642,0.2298803004959387,0.22004614600666544,0.04069096879461003,0.06644920481757363,0.11120444077349938,0.5599194360523666,0.6586102719033232,0.7542799597180262,993.0,0.025068656689028385,0.05640723270440251,0.09433962264150944,106.0,,
llm_init,2024,0.24249725106390901,0.22841916191040695,0.21640759668107115,0.04127432682315826,0.06521910829777885,0.10697942588959088,0.5579053373615307,0.6586102719033232,0.7472306143001007,993.0,0.029702067871412816,0.07055817610062894,0.11320754716981132,106.0,,
semmf_mse_fixed,42,0.22823139132918993,0.21604979850867953,0.20739446329624792,0.03773520543818574,0.06421087805947358,0.10712853936469774,0.5347432024169184,0.6445115810674723,0.7472306143001007,993.0,0.024009217411377883,0.04009433962264151,0.05660377358490566,106.0,,
semmf_mse_fixed,123,0.23676102978792316,0.22322723312606932,0.212176546204225,0.03858130583176866,0.06430198906832622,0.10732071495855347,0.5367573011077543,0.6455186304128903,0.7512588116817724,993.0,0.015181505750799844,0.03773584905660377,0.04716981132075472,106.0,,
semmf_mse_fixed,2024,0.23298867968329973,0.221065236279249,0.2103636255047486,0.03924128986044326,0.06306695190479382,0.10522053840881267,0.5377643504531722,0.6606243705941591,0.7472306143001007,993.0,0.044509343407736934,0.08608490566037735,0.11320754716981132,106.0,,
semmf_mse_adaptive,42,0.24355341028894115,0.23007984056918454,0.21981689180443953,0.03974522883139884,0.06874716139453368,0.11405077193326477,0.5468277945619335,0.6646525679758308,0.7603222557905337,993.0,0.04154080955900707,0.07252358490566038,0.10377358490566038,106.0,,
semmf_mse_adaptive,123,0.23919496698650985,0.2255142935730187,0.21496282635797345,0.03816499561041591,0.06386609776739095,0.10617525778000872,0.5397784491440081,0.6465256797583081,0.7482376636455186,993.0,0.02618846673384563,0.04658018867924528,0.07547169811320754,106.0,,
semmf_mse_adaptive,2024,0.2438257923724931,0.2330754998110702,0.22191003285898045,0.039069636071496196,0.07035641790136879,0.11401257811125236,0.5478348439073515,0.675730110775428,0.7693856998992951,993.0,0.039699896889392385,0.08824685534591196,0.12264150943396226,106.0,,
semmf_infonce,42,0.24059769932077293,0.22682610915762946,0.21553784228523246,0.04015800229656987,0.06498746106315628,0.1060855936464555,0.5468277945619335,0.6565961732124874,0.7462235649546828,993.0,0.03749534890718378,0.05011792452830189,0.09433962264150944,106.0,,
semmf_infonce,123,0.2478103020914458,0.23251231696430413,0.22085491624758036,0.04162815739934191,0.0675022383337409,0.11182195834208207,0.5619335347432024,0.6686807653575025,0.7613293051359517,993.0,0.037138108745498076,0.046973270440251576,0.08490566037735849,106.0,,
semmf_infonce,2024,0.24616716270150046,0.2311526666807313,0.21835912812096286,0.04180040783874093,0.0663771891653904,0.10885506893261893,0.552870090634441,0.6596173212487412,0.7552870090634441,993.0,0.02441122236590716,0.05483490566037736,0.08490566037735849,106.0,,
lightgcn,42,0.1885393636429416,0.1713609527738495,0.16326474392655754,0.03285355857246366,0.05232348029610617,0.08742534734574288,0.49244712990936557,0.5891238670694864,0.675730110775428,993.0,0.0008032369588832171,0.0005896226415094339,0.009433962264150943,106.0,,
lightgcn,123,0.18696479670477817,0.1712956303213839,0.16418112396547085,0.03147286938427643,0.05348840832541013,0.09064935871903831,0.47935548841893255,0.581067472306143,0.6978851963746223,993.0,0.016699402811091408,0.01768867924528302,0.03773584905660377,106.0,,
lightgcn,2024,0.1907203795186773,0.17579165165564428,0.16534758939613914,0.030526542067292793,0.05335163759887599,0.08971978511651439,0.47532729103726085,0.581067472306143,0.6847935548841894,993.0,0.013807199071631698,0.012971698113207548,0.03773584905660377,106.0,,
